{
  "norm_stats": {
    "state": {
      "mean": [
        0.589046061038971,
        -0.4809078872203827,
        -1.0659384727478027,
        -1.521817684173584,
        0.11270758509635925,
        -0.6730383634567261,
        -0.5795011520385742,
        -0.3035259544849396,
        -0.7083543539047241,
        0.6237543821334839,
        -1.4453203678131104,
        -0.2545059323310852,
        -0.4655603766441345,
        0.34388360381126404,
        0.0,
        0.0,
        0.0,
        0.0,
        0.0,
        0.0,
        0.06698350608348846,
        0.0,
        0.0,
        0.0,
        0.0,
        0.0,
        0.0,
        0.0,
        0.0,
        0.0,
        0.0,
        0.0
      ],
      "std": [
        0.727692186832428,
        0.522297203540802,
        0.7910934686660767,
        0.32520008087158203,
        0.5401890277862549,
        0.4310433268547058,
        0.5860089063644409,
        0.5558562278747559,
        0.42457085847854614,
        0.7146993279457092,
        0.44962963461875916,
        0.7082708477973938,
        0.5026976466178894,
        0.6187573075294495,
        0.0,
        0.0,
        0.0,
        0.0,
        0.0,
        0.0,
        0.33734214305877686,
        0.0,
        0.0,
        0.0,
        0.0,
        0.0,
        0.0,
        0.0,
        0.0,
        0.0,
        0.0,
        0.0
      ],
      "q01": [
        -1.1397923290729524,
        -1.4685293243408204,
        -2.6013419843673704,
        -2.312610454559326,
        -1.9046709529161454,
        -0.9976122379302979,
        -1.4962693324089051,
        -2.2140649827957155,
        -1.787438638496399,
        -0.8133578476905823,
        -2.4036248175382613,
        -2.1350717145204543,
        -0.9980849606394768,
        -1.2058598184585572,
        0.0,
        0.0,
        0.0,
        0.0,
        0.0,
        0.0,
        -0.4468103724002838,
        0.0,
        0.0,
        0.0,
        0.0,
        0.0,
        0.0,
        0.0,
        0.0,
        0.0,
        0.0,
        0.0
      ],
      "q99": [
        2.43493806681633,
        1.1040487745761869,
        0.899678421020508,
        -0.32248000674247734,
        1.3005411531448363,
        0.9667059996128082,
        1.0954805862903596,
        1.1053585540771484,
        0.9210621026992798,
        2.216731519222259,
        -0.19084474246501948,
        1.2673621205568315,
        0.9064977822303772,
        1.4593909806013108,
        0.0,
        0.0,
        0.0,
        0.0,
        0.0,
        0.0,
        1.5709713606476785,
        0.0,
        0.0,
        0.0,
        0.0,
        0.0,
        0.0,
        0.0,
        0.0,
        0.0,
        0.0,
        0.0
      ]
    },
    "actions": {
      "mean": [
        -0.0014830321306362748,
        0.002173204440623522,
        0.0025334462989121675,
        -0.002163027413189411,
        -0.00011753522994695231,
        0.0030905466992408037,
        0.0019726490136235952,
        0.014112378470599651,
        0.014913104474544525,
        -0.013525638729333878,
        0.0015571691328659654,
        -0.0010679212864488363,
        -0.009155352599918842,
        -0.014978758059442043,
        0.42047005891799927,
        0.5823536515235901,
        0.0,
        0.0,
        0.0,
        0.0,
        0.06827272474765778,
        0.0,
        0.0,
        0.0,
        0.0,
        0.0,
        0.0,
        0.0,
        0.0,
        0.0,
        0.0,
        0.0
      ],
      "std": [
        0.06113363057374954,
        0.07741408795118332,
        0.06987381726503372,
        0.09402141720056534,
        0.09508717805147171,
        0.08028428256511688,
        0.09910368174314499,
        0.1283794343471527,
        0.1769631952047348,
        0.13519364595413208,
        0.1806621104478836,
        0.19220860302448273,
        0.19390544295310974,
        0.18743471801280975,
        0.2810446321964264,
        0.3703506588935852,
        0.0,
        0.0,
        0.0,
        0.0,
        0.34313687682151794,
        0.0,
        0.0,
        0.0,
        0.0,
        0.0,
        0.0,
        0.0,
        0.0,
        0.0,
        0.0,
        0.0
      ],
      "q01": [
        -0.22284500792026524,
        -0.271026409816742,
        -0.23345251876115802,
        -0.39871941411495204,
        -0.3667212537765503,
        -0.2760424506187439,
        -0.35403543528318404,
        -0.4087060688018799,
        -0.4657246932029725,
        -0.640925962805748,
        -0.6779832458496093,
        -0.5960617991685867,
        -0.7732159766197204,
        -0.7540120153427123,
        0.0,
        0.0,
        0.0,
        0.0,
        0.0,
        0.0,
        -0.48453036462068555,
        0.0,
        0.0,
        0.0,
        0.0,
        0.0,
        0.0,
        0.0,
        0.0,
        0.0,
        0.0,
        0.0
      ],
      "q99": [
        0.1903737439751625,
        0.3147558132648469,
        0.23713449375629425,
        0.2655916402935983,
        0.3338281884908676,
        0.32216210975646975,
        0.34373310215473185,
        0.5121431522369384,
        0.7164757236480712,
        0.34557212216854105,
        0.5866931785583498,
        0.6503327019214631,
        0.5998175422668455,
        0.5327536660194401,
        0.9998,
        0.9998,
        0.0,
        0.0,
        0.0,
        0.0,
        1.5709712901949882,
        0.0,
        0.0,
        0.0,
        0.0,
        0.0,
        0.0,
        0.0,
        0.0,
        0.0,
        0.0,
        0.0
      ]
    },
    "coarse_actions": {
      "mean": [
        -0.003987936768680811,
        0.008491519838571548,
        0.006572897545993328,
        -0.006669878959655762,
        -0.00039992621168494225,
        0.0023714392445981503,
        0.004056042525917292,
        0.02715235948562622,
        0.02063579112291336,
        -0.02477489970624447,
        -0.0023436439223587513,
        0.000034348806366324425,
        -0.0186992809176445,
        -0.027157418429851532,
        0.4218214750289917,
        0.5780348181724548,
        0.0,
        0.0,
        0.0,
        0.0,
        0.07001087069511414,
        0.0,
        0.0,
        0.0,
        0.0,
        0.0,
        0.0,
        0.0,
        0.0,
        0.0,
        0.0,
        0.0
      ],
      "std": [
        0.09932822734117508,
        0.14020253717899323,
        0.10240252315998077,
        0.1595497578382492,
        0.14995986223220825,
        0.13884969055652618,
        0.16842970252037048,
        0.188081294298172,
        0.25754332542419434,
        0.20896050333976746,
        0.27202051877975464,
        0.3027668595314026,
        0.2817443907260895,
        0.2862245738506317,
        0.28110724687576294,
        0.3678984045982361,
        0.0,
        0.0,
        0.0,
        0.0,
        0.3442445993423462,
        0.0,
        0.0,
        0.0,
        0.0,
        0.0,
        0.0,
        0.0,
        0.0,
        0.0,
        0.0,
        0.0
      ],
      "q01": [
        -0.41927415922880173,
        -0.46422705633640293,
        -0.3408255895614624,
        -0.6548376145362854,
        -0.6124524818897247,
        -0.5441693681716919,
        -0.5372523108482361,
        -0.4860467418670654,
        -0.7155928053855896,
        -0.9651570034027099,
        -0.9138516248703002,
        -0.8571558254241943,
        -1.0178973547935486,
        -1.0379852175712585,
        0.0,
        0.0,
        0.0,
        0.0,
        0.0,
        0.0,
        -0.43224130134582517,
        0.0,
        0.0,
        0.0,
        0.0,
        0.0,
        0.0,
        0.0,
        0.0,
        0.0,
        0.0,
        0.0
      ],