{
  "norm_stats": {
    "state": {
      "mean": [
        0.2163933366537094,
        -0.6469082832336426,
        -0.7133126854896545,
        -1.4931848049163818,
        0.03758690878748894,
        -0.5730910897254944,
        -0.6631821990013123,
        -0.2792564034461975,
        -0.7279390692710876,
        0.5965853333473206,
        -1.3990424871444702,
        -0.223613440990448,
        -0.5207383036613464,
        0.3297891914844513,
        0.0,
        0.0,
        0.0,
        0.0,
        0.0,
        0.0,
        0.06687290966510773,
        0.0,
        0.0,
        0.0,
        0.0,
        0.0,
        0.0,
        0.0,
        0.0,
        0.0,
        0.0,
        0.0
      ],
      "std": [
        0.6175940632820129,
        0.3509588837623596,
        0.8434216976165771,
        0.32798510789871216,
        0.6414160132408142,
        0.5364247560501099,
        0.5367733836174011,
        0.5071607828140259,
        0.40263697504997253,
        0.6954593062400818,
        0.4386911392211914,
        0.6502881050109863,
        0.48510536551475525,
        0.6364070177078247,
        0.0,
        0.0,
        0.0,
        0.0,
        0.0,
        0.0,
        0.333958238363266,
        0.0,
        0.0,
        0.0,
        0.0,
        0.0,
        0.0,
        0.0,
        0.0,
        0.0,
        0.0,
        0.0
      ],
      "q01": [
        -1.3940071161985397,
        -1.5549014274597168,
        -1.633820318865776,
        -2.190287001943588,
        -2.6064100672006605,
        -0.9781014667510987,
        -1.5014456889152528,
        -1.4878369450569153,
        -1.689111481022835,
        -0.7338943405151368,
        -2.410552143022418,
        -1.7993940637588501,
        -0.9993744388580322,
        -1.244806130194664,
        0.0,
        0.0,
        0.0,
        0.0,
        0.0,
        0.0,
        -0.39832637033462526,
        0.0,
        0.0,
        0.0,
        0.0,
        0.0,
        0.0,
        0.0,
        0.0,
        0.0,
        0.0,
        0.0
      ],
      "q99": [
        1.424734146642685,
        0.08177225952148448,
        1.1363068974971773,
        -0.3225897442340848,
        1.1856185666322707,
        0.9773138870239257,
        0.9432799770355222,
        0.7577064933776856,
        0.24105015587806689,
        1.5618918533325195,
        -0.18847669233381747,
        1.1509488608360292,
        0.8279996551752089,
        1.4923423289537432,
        0.0,
        0.0,
        0.0,
        0.0,
        0.0,
        0.0,
        1.5698325881481172,
        0.0,
        0.0,
        0.0,
        0.0,
        0.0,
        0.0,
        0.0,
        0.0,
        0.0,
        0.0,
        0.0
      ]
    },
    "actions": {
      "mean": [
        -0.004241582006216049,
        0.00344214029610157,
        0.0075010997243225574,
        0.002974175615236163,
        -0.0030357809737324715,
        -0.00457587419077754,
        0.004156551323831081,
        0.012584366835653782,
        0.005292525514960289,
        -0.020375756546854973,
        0.004578281659632921,
        0.011612778529524803,
        0.0020294864661991596,
        -0.014169006608426571,
        0.44508880376815796,
        0.5634483098983765,
        0.0,
        0.0,
        0.0,
        0.0,
        0.06660233438014984,
        0.0,
        0.0,
        0.0,
        0.0,
        0.0,
        0.0,
        0.0,
        0.0,
        0.0,
        0.0,
        0.0
      ],
      "std": [
        0.07745449990034103,
        0.10189151763916016,
        0.09171461313962936,
        0.1077890545129776,
        0.11733518540859222,
        0.11712677776813507,
        0.12618054449558258,
        0.12998512387275696,
        0.1441868394613266,
        0.14479510486125946,
        0.1535906195640564,
        0.1991303265094757,
        0.15466566383838654,
        0.20602288842201233,
        0.31835243105888367,
        0.373443067073822,
        0.0,
        0.0,
        0.0,
        0.0,
        0.3297617733478546,
        0.0,
        0.0,
        0.0,
        0.0,
        0.0,
        0.0,
        0.0,
        0.0,
        0.0,
        0.0,
        0.0
      ],
      "q01": [
        -0.32847627148628233,
        -0.29527975540161133,
        -0.21403876724243165,
        -0.3516928153038025,
        -0.4754728364944458,
        -0.48728867225646977,
        -0.45715302319526674,
        -0.32419276907443995,
        -0.39824197010993956,
        -0.7035929277896882,
        -0.5179297976493835,
        -0.5326012921333313,
        -0.6015240763664245,
        -0.7709346303701401,
        0.0,
        0.0,
        0.0,
        0.0,
        0.0,
        0.0,
        -0.38843566303253174,
        0.0,
        0.0,
        0.0,
        0.0,
        0.0,
        0.0,
        0.0,
        0.0,
        0.0,
        0.0,
        0.0
      ],
      "q99": [
        0.2246880475521087,
        0.4504752590179444,
        0.4310209894180297,
        0.41192836761474605,
        0.4241186153888703,
        0.3216492986679076,
        0.48576338365077976,
        0.5352175041675569,
        0.5742301645517349,
        0.29111468763351445,
        0.46528666019439724,
        0.8585159897804262,
        0.5221390952110292,
        0.6476544764995573,
        0.9998,
        0.9998,
        0.0,
        0.0,
        0.0,
        0.0,
        1.5693241619110108,
        0.0,
        0.0,
        0.0,
        0.0,
        0.0,
        0.0,
        0.0,
        0.0,
        0.0,
        0.0,
        0.0
      ]
    },
    "coarse_actions": {
      "mean": [
        -0.008448347449302673,
        0.005823433864861727,
        0.015606767497956753,
        0.003913954831659794,
        -0.006325972266495228,
        -0.002292148070409894,
        0.00906047411262989,
        0.021850373595952988,
        0.011227994225919247,
        -0.03669440746307373,
        -0.0007067023543640971,
        0.020218346267938614,
        0.0057151177898049355,
        -0.020096957683563232,
        0.445372611284256,
        0.5603068470954895,
        0.0,
        0.0,
        0.0,
        0.0,
        0.06770378351211548,
        0.0,
        0.0,
        0.0,
        0.0,
        0.0,
        0.0,
        0.0,
        0.0,
        0.0,
        0.0,
        0.0
      ],
      "std": [
        0.12260837107896805,
        0.15750692784786224,
        0.14957211911678314,
        0.17493782937526703,
        0.1753997802734375,
        0.16880609095096588,
        0.19280245900154114,
        0.18761388957500458,
        0.2291567623615265,
        0.22762639820575714,
        0.23881304264068604,
        0.31462541222572327,
        0.24603568017482758,
        0.30239155888557434,
        0.31936442852020264,
        0.3729512393474579,
        0.0,
        0.0,
        0.0,
        0.0,
        0.3323438763618469,
        0.0,
        0.0,
        0.0,
        0.0,
        0.0,
        0.0,
        0.0,
        0.0,
        0.0,
        0.0,
        0.0
      ],
      "q01": [
        -0.5900777569293977,
        -0.4875795894861221,
        -0.3021969238281249,
        -0.6113779320716857,
        -0.7301110674858093,
        -0.7349177313327789,
        -0.6626654014587403,
        -0.5096658388614654,
        -0.6482626049518585,
        -1.1057717799186706,
        -0.8333755115509034,
        -0.8938324920654297,
        -0.8443946122169494,
        -1.023286581993103,
        0.0,
        0.0,
        0.0,
        0.0,
        0.0,
        0.0,
        -0.3836867421627045,
        0.0,
        0.0,
        0.0,
        0.0,
        0.0,
        0.0,
        0.0,
        0.0,
        0.0,
        0.0,
        0.0
      ],